,Res. Name1,Res. Number 1,Chain 1,Res. Name2,Res. Number 2,Chain 2,Distance (Å)
265,DC,1,A,DG,19,B,7.253732142835162
273,DC,1,A,DG,20,B,8.279415498693128
563,DC,2,A,DC,17,B,8.23462804260156
572,DC,2,A,DG,19,B,8.312962227750106
576,DC,2,A,DG,20,B,8.987343378329328
725,DA,3,A,DT,15,B,8.809098364759018
883,DA,3,A,DA,16,B,8.974406777052174
891,DA,3,A,DC,17,B,8.736932814208885
899,DA,3,A,DG,19,B,8.069684318484832
903,DA,3,A,DG,20,B,8.444202567442353
954,DG,4,A,DG,20,B,8.955837090970336
1302,DG,4,A,DT,15,B,7.77102174749241
1311,DG,4,A,DA,16,B,7.478557280652466
1321,DG,4,A,DC,17,B,8.118579001278487
1328,DG,4,A,DG,19,B,8.54710962840655
1647,DT,5,A,DG,14,B,8.518314269854102
1654,DT,5,A,DT,15,B,8.740234607835193
1662,DT,5,A,DA,16,B,8.159495633922479
1667,DT,5,A,DC,17,B,8.318068646025951
2094,DA,6,A,DA,13,B,8.23328524952221
2103,DA,6,A,DG,14,B,8.283632415794415
2113,DA,6,A,DT,15,B,8.316398318984007
2125,DA,6,A,DA,16,B,6.803682899724237
2130,DA,6,A,DC,17,B,8.261220551468167
